{"model_type": "LSTM_AE_Mahalanobis_Proxy", "mu": [0.06443387583975799, 0.6111021915220941, 0.4732691936179542, 0.14968125379619968, 0.4999235018840239, 0.5001551550688321], "sigma_inv": [[810.8479339694641, 0.016373571672586164, 0.15140748311858077, 0.6929520407267152, 38.21758967712847, 52.80770323345118], [0.01637357167258637, 19.82250916468186, 0.005497192484983833, -0.13662707485753234, 0.018563857996450054, -0.018523229423982122], [0.15140748311858077, 0.005497192484983833, 13.460225463886372, -0.06917606351028968, 0.01635989430076059, 0.025173135369193637], [0.6929520407267152, -0.13662707485753234, -0.0691760635102897, 133.68575905115793, 0.08520110441862648, 0.05175581244669019], [38.21758967712847, 0.018563857996450033, 0.016359894300760583, 0.08520110441862647, 9.799866860321533, 2.4865250320779166], [52.80770323345115, -0.01852322942398213, 0.025173135369193626, 0.051755812446690155, 2.4865250320779153, 11.440501726144038]], "threshold": 9.80242952566499, "ae_features": ["Traffic_Volume_GB", "RSSI_dBm", "Channel_Occupancy_Percent", "Interference_Level", "hour_sin", "hour_cos"], "scaler_min": [30.31, -140.0, 10.0, 0.0, -1.0, -1.0], "scaler_rng": [6001.15, 90.0, 90.0, 99.97, 2.0, 2.0], "metrics": {"precision": 0.1999, "recall": 0.6652, "f1": 0.3074, "roc_auc": 0.915, "threshold": 9.8024}}