{"model_type": "BiLSTM_Proxy_RidgeRegression", "weights": [0.4756903694891197, -0.0009111355639404604, -0.0016611033298872828, 0.002304345882338193, -0.0002911131826858029, 0.0005868824447546559, 0.0032521513710351054, -0.0050562985792886725], "feat_cols": ["hour_sin", "hour_cos", "dow_sin", "dow_cos", "RSSI_dBm", "Interference_Level", "Traffic_Volume_GB"], "scaler_x_min": [-1.0, -1.0, -0.9749279121818236, -0.9009688679024191, -140.0, 0.0, 30.31], "scaler_x_rng": [2.0, 2.0, 1.9498558243636472, 1.900968867902419, 90.0, 99.97, 6001.15], "scaler_y_min": 10.0, "scaler_y_rng": 90.0, "hour_weights": {"0": 53.0507, "1": 53.17, "2": 52.5444, "3": 52.4804, "4": 52.8508, "5": 52.781, "6": 52.8351, "7": 52.9433, "8": 52.7189, "9": 53.237, "10": 52.5308, "11": 52.6331, "12": 53.0323, "13": 52.8623, "14": 52.771, "15": 52.6758, "16": 52.812, "17": 52.8588, "18": 52.9687, "19": 52.9424, "20": 52.5403, "21": 52.6854, "22": 52.936, "23": 53.0724}, "hour_std": {"0": 24.8087, "1": 24.8234, "2": 24.6574, "3": 24.6149, "4": 24.62, "5": 24.646, "6": 24.6766, "7": 24.6879, "8": 24.7571, "9": 24.6664, "10": 24.6514, "11": 24.6995, "12": 24.6966, "13": 24.6658, "14": 24.7091, "15": 24.6986, "16": 24.6407, "17": 24.6476, "18": 24.7099, "19": 24.6984, "20": 24.5764, "21": 24.5838, "22": 24.8036, "23": 24.6883}, "metrics": {"mae": 21.3955, "rmse": 24.7309, "mape": 66.66, "r2": -0.0001}, "last_forecast": {"hours": ["07:00", "08:00", "09:00", "10:00", "11:00", "12:00", "13:00", "14:00", "15:00", "16:00", "17:00", "18:00", "19:00", "20:00", "21:00", "22:00", "23:00", "00:00", "01:00", "02:00", "03:00", "04:00", "05:00", "06:00"], "values": [52.94, 52.72, 53.24, 52.53, 52.63, 53.03, 52.86, 52.77, 52.68, 52.81, 52.86, 52.97, 52.94, 52.54, 52.69, 52.94, 53.07, 53.05, 53.17, 52.54, 52.48, 52.85, 52.78, 52.84], "conf_lo": [15.91, 15.58, 16.24, 15.55, 15.58, 15.99, 15.86, 15.71, 15.63, 15.85, 15.89, 15.9, 15.89, 15.68, 15.81, 15.73, 16.04, 15.84, 15.93, 15.56, 15.56, 15.92, 15.81, 15.82], "conf_hi": [89.98, 89.85, 90.24, 89.51, 89.68, 90.08, 89.86, 89.83, 89.72, 89.77, 89.83, 90.03, 89.99, 89.4, 89.56, 90.14, 90.1, 90.26, 90.41, 89.53, 89.4, 89.78, 89.75, 89.85]}}